10pc,20pc,30pc,40pc,50pc,60pc,70pc,80pc,90pc,100pc,125.0pc,150.0pc,200.0pc,250.0pc
0,0,0,0,0,2,3,2,3,6,9,30,58,78
0,0,1,0,0,0,2,2,3,6,12,24,38,74
0,0,0,0,0,1,2,4,5,4,15,26,42,98
0,0,0,0,2,4,2,6,2,7,16,21,44,81
0,0,0,2,3,2,2,6,5,8,8,22,35,96
0,0,0,0,1,2,2,2,4,6,22,22,62,67
0,1,0,1,1,1,5,6,7,5,12,24,50,96
0,0,0,0,0,0,5,3,9,5,20,23,55,90
0,0,0,0,0,0,3,0,10,6,13,21,50,87
0,0,0,1,2,2,0,5,10,8,17,17,44,124
0,0,0,0,0,0,1,3,5,8,15,11,55,80
0,0,0,1,2,0,4,5,8,5,11,23,53,105
0,0,0,0,3,0,3,5,7,4,14,14,54,89
0,0,0,1,2,2,4,6,8,4,12,24,44,106
0,0,1,0,1,1,2,7,2,3,17,19,54,81
0,0,0,0,0,1,3,4,6,8,11,19,50,92
0,0,1,1,1,2,3,1,4,8,14,25,51,87
0,0,0,2,2,3,3,6,6,3,16,26,55,87
0,0,1,0,1,0,3,5,2,7,6,28,43,72
0,0,0,0,0,1,0,6,6,10,9,22,59,86
0,0,0,0,0,2,3,4,2,6,13,19,56,79
0,0,0,1,2,2,3,2,9,9,16,24,58,73
0,0,1,1,0,1,0,4,6,13,10,17,58,84
0,0,1,0,0,3,3,2,5,9,17,27,37,100
0,1,0,0,1,0,2,6,4,9,12,11,50,91
0,0,0,1,1,1,2,7,4,8,13,17,51,83
0,0,0,1,1,1,4,2,6,4,12,10,36,75
0,0,0,0,1,0,3,2,3,6,14,17,54,84
0,0,0,0,0,1,3,3,4,10,12,27,52,68
0,0,0,0,0,2,2,3,1,5,17,18,51,94
0,0,0,0,0,1,1,2,7,9,12,23,55,68
0,0,0,0,0,2,1,9,5,3,10,21,42,95
0,0,0,0,2,3,6,2,9,10,12,26,33,77
0,0,0,1,2,1,3,2,7,9,13,23,39,92
0,1,0,0,0,0,3,3,3,2,16,22,42,88
0,0,1,2,1,2,8,4,3,6,11,20,58,86
0,0,0,0,0,2,5,4,4,6,16,26,46,93
0,0,0,0,1,2,2,3,5,3,7,18,44,102
0,0,1,1,0,2,1,4,5,4,8,27,37,84
0,0,1,1,2,1,2,3,2,4,9,28,64,86
0,0,0,0,1,0,1,2,4,5,12,16,58,81
0,0,1,1,0,0,3,0,12,11,18,24,42,80
0,0,0,1,3,0,1,8,10,9,19,23,38,82
0,0,0,0,2,1,3,2,8,7,11,28,48,95
0,0,0,1,1,3,2,1,7,5,12,22,45,118
0,0,0,1,1,2,2,3,5,7,16,33,46,87
0,0,0,0,1,2,3,7,10,10,15,25,45,76
0,0,0,1,0,0,5,4,6,9,10,17,43,90
0,0,0,0,0,1,1,5,5,13,13,23,52,92
0,0,0,1,0,0,3,3,4,5,14,15,52,91
0,0,1,0,0,1,3,5,10,8,12,18,55,104
0,1,0,0,2,2,0,4,5,4,18,20,34,89
0,0,0,0,3,0,1,4,9,7,20,22,49,89
0,0,0,0,1,0,0,4,4,9,12,17,46,89
0,0,0,1,3,1,2,4,6,5,16,20,54,94
0,0,0,0,0,3,4,4,5,8,17,20,39,75
0,0,0,1,1,3,3,6,4,8,17,26,44,81
0,1,0,0,1,4,3,4,4,6,11,16,60,94
0,0,0,0,1,3,2,3,11,8,18,24,42,74
0,0,0,0,2,0,3,4,6,4,10,19,36,111
0,0,0,0,0,2,3,3,1,7,12,31,51,94
0,0,0,0,0,1,3,4,5,8,11,22,57,72
0,0,0,1,1,1,0,5,3,10,13,29,48,103
0,0,0,0,1,2,3,4,6,11,22,21,55,88
0,0,0,1,1,1,1,4,7,6,14,16,41,98
0,0,1,1,1,1,0,3,2,6,16,18,52,101
0,0,0,0,2,1,2,3,3,5,12,24,49,80
0,0,0,1,2,4,2,9,5,10,18,17,53,93
0,0,0,0,1,2,1,2,8,2,22,19,40,82
0,0,1,2,2,3,2,1,5,8,18,24,50,80
0,0,0,0,0,1,3,4,5,3,15,24,49,84
0,0,0,0,0,1,3,3,3,7,11,29,56,93
0,0,0,1,1,1,0,3,6,3,16,21,43,89
0,0,0,1,0,5,2,2,9,10,5,19,66,82
0,0,0,3,2,0,1,5,7,5,16,22,56,108
0,0,0,0,1,2,3,6,8,9,11,29,36,94
0,0,0,1,0,2,2,1,6,3,13,16,56,102
0,0,0,1,0,0,1,6,5,7,11,23,45,81
0,0,0,0,0,1,2,5,6,9,15,20,50,86
0,0,0,0,0,1,1,1,7,7,14,24,55,94
0,0,0,3,2,1,4,8,3,4,15,20,46,88
0,0,0,0,1,3,2,4,5,8,14,20,48,78
0,0,0,0,0,1,3,5,7,6,8,21,46,104
0,0,0,1,2,1,3,2,4,12,12,18,55,90
0,0,1,1,0,3,1,5,8,5,11,25,55,86
0,0,0,0,1,1,3,3,4,5,13,24,50,103
0,0,0,0,1,1,5,7,6,12,11,20,54,91
0,0,0,0,2,1,3,3,3,8,6,23,51,102
0,0,0,0,3,2,4,5,5,4,17,17,56,81
0,0,0,0,2,0,3,4,8,9,17,14,43,81
0,0,0,0,1,2,2,2,1,6,20,29,53,74
0,0,0,0,0,4,2,3,6,9,13,28,54,73
0,0,1,0,2,1,7,1,4,4,12,25,31,71
0,0,0,0,2,1,4,2,8,8,11,22,52,85
0,0,0,0,0,0,3,2,3,7,18,23,60,98
0,0,0,0,1,0,2,1,4,10,18,19,72,102
0,0,0,0,0,0,3,5,6,5,13,17,46,90
0,0,0,0,2,2,1,5,7,5,7,20,50,92
0,1,1,1,1,0,4,7,3,6,9,15,62,94
0,0,0,0,0,0,1,4,2,10,12,22,40,86
0,0,0,0,1,3,2,4,11,5,15,29,39,106
0,0,0,1,0,3,2,7,4,4,16,26,46,85
0,0,1,0,1,3,2,6,6,10,13,16,49,89
0,0,0,0,0,4,1,5,6,14,13,23,43,89
0,0,0,1,2,1,2,3,9,8,14,29,45,87
0,0,0,0,0,2,1,2,6,7,9,24,43,66
0,0,0,0,1,2,3,3,8,6,18,16,54,82
0,0,0,0,1,2,1,4,6,5,17,17,30,83
0,0,0,1,1,2,4,3,4,7,11,27,49,81
0,0,0,0,0,3,0,4,7,6,16,19,55,84
0,0,1,0,1,1,3,6,3,5,14,16,46,94
0,0,0,1,3,0,3,3,6,2,12,21,40,85
0,0,0,1,2,0,6,4,2,3,10,25,44,83
0,0,0,0,0,1,1,3,4,8,18,20,55,87
0,0,0,1,1,2,3,6,4,7,14,17,46,70
0,0,0,0,2,1,2,3,6,8,11,22,54,113
0,0,0,0,1,0,2,6,6,5,9,22,55,103
0,0,0,1,2,3,2,4,1,8,12,19,47,92
0,0,1,1,0,1,0,3,3,5,18,27,55,79
0,0,0,0,1,0,7,4,4,5,14,18,48,108
0,0,0,1,2,2,4,2,1,8,4,24,48,98
0,0,0,0,1,1,1,3,3,9,11,27,52,107
0,0,0,0,1,1,3,5,6,10,9,35,55,84
0,0,0,1,0,1,0,6,5,9,11,27,56,84
0,0,1,0,1,3,1,6,5,5,16,18,44,97
0,0,0,1,1,2,4,5,5,4,8,19,55,84
0,0,0,1,0,3,5,5,4,5,14,27,56,86
0,0,1,0,1,0,6,1,1,8,9,22,53,85
0,1,0,0,0,1,3,4,9,4,20,22,45,88
0,0,0,1,1,2,3,7,4,8,11,27,50,91
0,0,0,0,0,0,4,4,5,4,10,18,53,96
0,0,1,2,0,1,5,5,2,7,15,28,49,89
0,0,0,0,5,4,4,2,4,7,16,21,46,78
0,0,0,0,3,1,3,3,8,6,17,26,33,84
0,0,0,0,1,2,3,4,3,8,13,19,36,108
0,0,0,1,0,2,4,4,4,5,15,30,49,96
0,0,0,1,1,0,1,7,6,6,14,20,51,72
0,0,0,1,2,3,3,2,6,6,16,25,49,93
0,0,0,0,3,3,5,3,4,6,14,29,60,87
0,0,0,0,2,0,0,1,4,8,11,30,41,92
0,0,0,0,4,0,3,6,3,6,10,29,43,88
0,0,0,0,1,1,2,0,6,6,14,21,47,82
0,0,0,0,1,3,3,8,10,6,13,23,43,89
0,0,0,0,0,3,4,3,2,7,11,20,43,101
0,0,0,0,0,3,2,3,8,7,15,23,46,74
0,0,0,0,1,1,1,3,7,10,16,20,53,89
0,0,0,1,1,1,3,1,3,3,13,25,45,78
0,0,0,0,0,2,3,4,4,7,14,16,50,87
0,0,0,0,0,3,3,2,4,6,17,19,52,94
0,0,0,2,0,2,2,6,6,7,15,19,43,96
0,1,0,0,2,3,1,2,5,11,9,23,54,93
0,0,0,0,1,2,0,4,5,7,13,25,49,81
0,0,0,0,1,0,2,1,7,3,12,18,55,93
0,0,0,1,0,4,2,5,2,8,9,17,62,82
0,0,0,1,1,1,3,2,3,7,21,25,57,97
0,1,0,1,1,3,3,4,4,4,19,29,47,91
0,0,1,1,0,4,5,5,5,13,15,13,39,91
0,0,0,1,0,1,2,2,3,1,16,21,55,100
0,0,0,0,1,0,1,4,2,6,14,15,48,95
0,0,0,0,1,3,2,4,9,4,15,21,53,108
0,0,0,0,1,0,6,4,9,4,18,22,55,88
0,0,0,0,0,0,2,4,5,3,16,29,50,94
0,0,2,0,1,0,1,2,7,8,13,16,41,88
0,0,0,0,0,1,1,1,4,5,14,28,43,104
0,0,0,0,0,1,1,5,6,9,10,18,47,111
0,0,0,4,1,1,3,7,4,8,8,17,60,94
0,0,0,0,1,3,0,3,9,6,13,23,38,78
0,1,1,1,0,0,3,6,6,11,10,16,53,90
0,0,1,0,1,2,6,2,2,8,19,18,45,91
0,0,0,0,1,0,1,2,3,7,14,25,46,109
0,0,0,0,0,2,3,2,6,2,10,17,40,93
0,0,0,1,2,5,2,4,6,9,12,26,59,90
0,0,0,0,3,2,2,5,3,6,9,25,53,90
0,0,1,2,2,2,1,3,6,5,14,20,62,83
0,0,1,3,0,1,2,2,5,7,13,22,43,95
0,0,1,0,2,1,3,2,5,11,13,21,45,103
0,0,0,0,2,0,3,4,7,4,13,24,53,98
0,0,0,0,3,6,3,2,2,9,12,21,54,94
0,1,0,0,0,2,1,2,8,6,13,19,47,90
0,0,0,0,0,1,1,2,6,6,9,12,35,95
0,0,0,0,1,0,8,3,6,10,12,25,66,93
0,0,0,1,0,2,3,2,6,7,14,26,48,92
0,0,1,0,0,1,0,6,3,3,19,26,61,95
0,0,1,0,0,3,3,4,3,6,14,29,54,72
0,0,0,1,1,1,3,2,5,5,11,17,50,92
0,0,0,1,0,3,1,5,5,5,15,20,50,93
0,0,0,1,1,1,2,2,1,2,7,12,47,93
0,0,0,0,0,1,1,4,2,7,13,17,55,77
0,0,0,0,0,0,1,4,4,9,16,14,49,88
0,0,1,1,0,2,1,2,1,11,11,20,42,100
0,0,0,0,2,2,1,4,2,11,17,25,58,93
0,0,0,0,1,1,2,1,6,6,14,20,48,88
0,0,0,1,0,0,4,3,4,4,8,24,53,87
0,0,0,3,0,0,1,3,6,4,14,18,44,85
0,0,0,0,1,3,2,4,5,13,15,17,49,105
0,0,0,0,0,5,4,7,5,6,19,19,43,88
0,0,0,1,1,1,4,2,5,8,11,24,45,109
0,0,1,0,3,1,2,3,10,5,13,14,56,93
0,0,0,1,0,0,2,5,5,6,22,22,44,83
0,0,0,0,3,1,0,4,4,6,11,19,49,110
0,0,1,0,0,0,0,8,9,4,14,25,59,85
0,0,0,0,0,3,3,4,3,9,12,25,57,92
0,0,0,1,0,1,3,5,6,9,11,29,36,87
0,0,0,0,0,1,1,5,6,8,7,19,43,88
0,0,0,1,4,1,1,2,5,5,10,21,49,91
0,0,0,0,1,1,2,0,5,9,16,17,53,78
0,0,0,0,6,1,4,4,2,1,15,25,63,97
0,0,0,0,0,1,2,5,9,6,15,19,41,101
0,0,0,1,0,4,4,4,1,3,9,21,40,76
0,0,0,1,2,2,3,2,4,9,9,19,49,89
0,0,0,2,0,3,2,4,11,6,15,17,47,93
0,0,1,0,2,2,1,1,7,4,16,23,44,99
0,0,0,0,2,4,3,1,4,5,14,20,58,102
0,0,0,0,2,1,3,2,0,6,9,27,45,89
0,0,0,0,1,2,3,7,1,3,14,23,59,69
0,0,0,0,1,0,3,2,6,5,19,17,64,100
0,0,0,1,0,3,2,5,5,3,10,26,49,106
0,0,0,0,0,3,1,3,3,6,12,22,42,94
0,0,0,0,0,1,2,5,5,7,8,29,43,85
0,0,0,0,2,1,3,4,6,6,17,13,51,92
0,0,1,0,1,1,1,3,5,4,10,25,49,91
0,0,0,0,2,1,1,4,8,2,18,16,44,97
0,0,0,0,0,1,4,3,2,12,9,20,53,85
0,0,0,2,1,0,2,4,6,1,18,22,56,95
0,0,0,1,1,2,2,4,5,7,12,33,45,88
0,0,0,1,1,0,4,4,7,8,14,22,47,96
0,0,1,2,0,2,3,3,3,8,13,17,63,94
0,0,2,1,1,3,5,0,5,5,14,21,45,87
0,1,0,1,1,2,5,5,3,9,7,18,41,101
0,0,0,2,0,2,5,5,6,9,16,24,51,86
0,0,0,0,1,1,1,6,8,7,16,20,52,76
0,0,1,0,4,3,1,1,2,6,8,24,52,99
0,0,0,0,1,0,5,3,4,9,8,17,61,97
0,0,1,0,0,1,2,4,4,4,17,37,56,105
0,0,1,0,2,1,2,3,6,8,12,19,46,85
0,0,0,1,2,5,4,3,7,4,11,27,45,70
0,0,0,0,1,1,4,6,6,10,15,24,54,85
0,0,0,1,1,3,2,1,3,9,14,28,43,76
0,0,0,1,0,1,1,2,5,5,13,25,43,91
0,0,0,2,1,2,4,4,4,6,17,23,44,77
0,0,0,0,1,0,2,6,9,11,15,27,46,78
0,0,0,0,0,2,5,3,3,8,10,26,44,86
0,0,1,0,0,4,3,2,8,9,14,25,48,102
0,0,0,0,1,2,5,2,2,3,8,19,50,82
0,0,0,0,3,1,1,3,5,5,14,25,49,91
0,0,0,2,2,2,5,2,5,8,10,23,48,90
0,0,0,0,2,0,2,0,5,14,11,20,39,99
0,0,0,0,1,0,5,3,5,3,13,15,46,85
0,0,0,0,0,1,6,1,3,7,15,31,57,100
0,0,0,2,1,1,3,4,5,10,20,19,47,91
0,0,0,0,1,1,2,5,12,7,12,20,43,80
0,0,0,0,0,0,2,3,5,12,10,22,46,87
0,0,0,1,0,1,2,3,4,2,12,25,47,86
0,0,1,0,0,2,1,4,5,6,16,23,48,70
0,0,0,0,1,2,2,1,6,6,15,16,38,90
0,0,0,0,0,3,2,2,6,7,15,21,50,75
0,0,0,0,2,4,2,3,4,2,14,19,42,83
0,0,0,0,0,2,2,3,6,6,11,16,38,95
0,0,0,0,2,1,0,1,2,7,6,32,37,73
0,1,0,2,1,1,2,10,8,1,10,26,62,82
0,0,0,0,2,1,2,2,2,5,13,22,57,98
0,0,1,0,0,0,3,2,3,7,10,20,62,86
0,0,1,0,2,3,3,1,4,4,15,18,40,95
0,0,0,0,2,2,2,4,6,3,14,27,59,79
0,0,0,0,1,2,3,3,2,5,14,35,52,93
0,0,1,0,0,3,0,4,6,7,14,20,48,87
0,0,0,3,0,3,3,1,6,7,9,33,43,79
0,0,0,0,1,2,3,3,6,10,7,29,46,89
0,0,0,1,1,4,2,3,3,7,13,31,38,74
0,0,0,3,2,0,0,4,5,3,14,27,61,89
0,0,0,0,3,0,4,3,4,8,15,16,57,91
0,0,0,0,0,2,6,2,3,3,19,22,50,81
0,0,1,0,1,1,5,3,8,5,18,29,48,89
0,0,1,0,1,0,0,4,5,8,8,19,43,109
0,0,0,0,0,1,2,3,2,7,7,19,51,81
0,0,0,2,2,4,2,4,7,8,10,16,56,84
0,0,0,1,1,0,4,4,0,13,15,27,56,82
0,0,0,0,3,3,3,7,8,1,10,24,43,90
0,0,0,0,0,3,3,3,5,8,5,15,51,112
0,0,0,0,0,0,3,3,7,11,18,22,43,98
0,2,0,0,1,2,1,1,8,9,11,22,49,84
0,0,0,0,2,3,3,7,3,6,14,22,33,76
0,0,0,0,0,0,5,4,3,6,17,23,50,91
0,1,1,0,0,2,3,3,7,5,14,23,58,78
0,0,0,3,0,1,2,2,8,7,8,31,54,98
0,0,0,0,3,0,4,3,9,5,5,13,51,94
0,0,0,0,1,1,6,6,5,7,16,20,44,82
0,0,0,0,1,1,4,3,5,7,12,15,44,102
0,0,0,0,2,1,1,4,3,5,15,23,54,82
0,0,0,1,0,1,2,3,8,10,16,24,43,92
0,0,2,0,0,3,2,2,4,9,11,20,34,80
0,0,1,1,0,1,4,0,8,7,10,30,45,83
0,0,0,0,1,2,3,1,7,8,7,30,47,86
0,0,1,0,2,0,2,3,3,5,16,19,37,97
0,0,0,0,1,1,4,2,6,3,12,22,59,102
0,0,0,0,0,1,4,3,5,9,16,30,44,78
0,0,0,0,0,1,0,6,8,5,10,17,43,79
0,0,0,1,0,3,1,3,6,10,7,25,37,87
0,1,0,0,1,0,0,2,3,8,15,21,49,95
0,0,0,0,3,1,0,2,3,12,14,22,47,94
0,0,0,2,2,1,1,8,4,12,13,20,35,85
0,0,0,0,1,1,0,1,6,2,10,16,43,99
0,0,1,1,1,3,2,9,6,9,18,18,39,100
1,0,0,0,0,2,2,4,5,6,18,13,48,79
0,0,0,0,1,1,1,3,4,5,13,28,40,74
0,0,0,3,0,0,4,5,5,7,13,24,64,89
0,0,1,2,1,0,3,7,6,6,10,24,50,90
0,0,0,1,5,1,5,5,6,6,21,29,54,103
0,0,0,0,1,1,4,6,7,5,8,19,44,103
0,0,0,0,1,1,1,3,6,4,16,23,42,87
0,0,0,1,0,1,4,5,5,6,8,15,54,108
0,0,0,0,0,2,4,2,5,5,18,16,53,95
0,0,2,0,2,1,3,6,2,5,15,18,59,87
0,0,0,0,1,2,0,1,3,9,10,14,50,83
0,0,0,0,1,4,5,2,6,8,12,16,56,91
0,0,0,0,0,2,2,5,8,8,18,27,46,90
0,1,0,0,1,1,2,4,2,5,13,26,51,79
0,0,0,0,0,0,5,5,4,6,11,20,44,87
0,0,0,0,1,4,5,4,5,6,14,19,53,96
0,0,1,1,1,0,3,7,5,6,16,17,34,94
0,0,1,1,2,2,1,1,7,6,11,17,49,78
0,0,0,1,3,1,5,1,5,9,14,18,50,88
0,0,1,0,6,1,2,3,5,5,20,17,48,90
0,1,0,0,0,1,4,6,2,4,13,23,43,94
0,0,0,0,2,3,2,4,8,7,16,25,44,86
0,0,0,0,2,2,1,3,7,4,9,19,40,91
0,0,0,2,1,2,1,5,4,1,7,30,44,85
0,0,0,0,2,2,1,2,5,5,20,16,49,88
0,0,0,2,1,1,1,2,4,5,11,23,56,83
0,0,0,1,0,0,4,3,5,11,17,12,56,111
0,0,0,1,2,2,4,0,4,6,16,23,50,85
0,0,0,0,0,1,0,3,4,3,12,30,49,99
0,0,0,2,0,0,2,5,6,10,9,24,43,90
0,0,1,3,0,3,1,5,5,7,8,22,56,104
0,0,0,1,1,1,3,3,7,5,12,24,53,92
0,0,0,0,0,1,0,3,7,5,11,25,53,101
0,0,0,0,0,5,1,6,4,8,11,22,52,92
0,0,1,0,0,0,5,5,7,5,8,25,45,95
0,0,0,0,0,2,1,2,3,11,9,23,49,85
0,1,0,3,1,0,1,4,4,4,15,21,39,92
0,0,0,2,1,1,5,3,8,7,20,21,45,72
0,0,0,1,1,0,0,3,3,9,9,19,53,90
0,0,0,0,1,1,4,3,7,7,19,18,39,100
0,0,0,0,1,2,4,3,4,7,12,17,51,92
0,0,1,0,1,1,1,3,5,11,15,26,47,91
0,0,0,1,0,0,1,1,7,3,12,18,38,91
0,0,0,0,0,1,3,5,7,9,17,20,30,84
0,0,0,0,2,3,3,1,2,8,9,19,54,76
0,0,0,0,1,2,1,5,6,3,12,28,45,94
0,0,0,1,1,0,3,5,5,2,13,21,44,98
0,0,0,0,2,1,1,5,1,8,14,25,56,96
0,0,1,0,2,1,1,3,7,8,13,25,50,91
0,0,0,1,1,1,2,3,5,8,13,15,51,87
0,1,0,0,1,1,2,3,6,3,8,21,41,96
0,0,0,1,3,2,5,2,6,8,13,20,36,99
0,0,0,1,2,0,1,3,6,7,14,20,42,104
0,0,0,0,1,1,1,1,3,12,15,12,48,79
0,0,0,0,2,3,2,4,6,9,16,33,35,77
0,0,0,0,0,1,3,2,2,14,10,24,47,93
0,0,1,2,1,0,1,1,3,7,10,14,46,89
0,0,0,1,0,0,1,6,4,9,18,26,41,91
0,0,0,1,1,2,3,4,8,3,12,27,54,91
0,0,1,1,0,0,6,6,4,9,15,18,53,102
0,0,0,1,0,0,0,4,4,11,12,26,33,89
0,0,1,0,2,0,0,5,6,6,14,14,42,101
0,0,0,1,1,1,2,2,9,4,12,23,41,74
0,1,0,1,1,0,1,4,2,7,14,19,56,86
0,0,1,0,1,1,1,4,5,6,15,21,52,88
0,0,0,0,1,2,1,6,5,9,15,26,64,69
0,0,0,2,0,2,2,3,2,7,15,22,61,76
0,0,0,0,1,2,2,4,5,11,15,21,63,87
0,0,0,1,0,3,1,2,6,6,13,15,41,80
0,0,0,0,0,4,3,3,4,8,15,26,46,88
0,1,0,0,2,0,5,6,3,8,10,17,51,83
0,0,0,0,0,2,4,3,5,4,14,21,30,81
0,0,0,0,2,2,5,3,1,8,10,15,56,98
0,0,0,1,3,3,2,6,9,7,16,22,63,78
0,0,0,0,1,1,3,0,3,11,22,23,43,85
0,1,0,0,2,0,1,0,10,10,11,18,53,98
0,0,0,0,0,2,2,6,5,9,10,19,50,79
0,0,0,2,1,1,2,3,7,7,22,19,45,86
0,0,0,0,2,1,2,3,3,4,14,28,64,86
0,0,1,0,2,0,2,3,4,10,17,32,48,90
0,0,0,1,2,1,2,7,3,9,12,19,46,90
0,0,0,1,1,0,4,2,3,4,14,16,56,89
0,0,1,0,0,1,1,1,7,9,20,18,44,90
0,0,1,0,1,3,3,5,6,5,9,19,45,99
0,0,0,0,1,0,2,0,4,7,13,13,43,107
0,0,1,0,2,4,2,4,4,2,12,19,52,92
0,0,0,1,1,2,0,4,6,4,17,27,59,83
0,0,0,1,1,0,5,4,7,4,8,20,52,82
0,1,0,0,2,1,2,2,2,8,14,21,44,86
0,0,0,1,3,2,2,3,9,5,8,12,45,84
0,0,0,1,4,0,4,4,1,14,22,19,46,88
0,0,0,0,0,1,1,1,6,7,15,21,60,90
0,0,0,0,2,3,4,2,6,7,15,18,43,95
0,0,0,0,0,3,4,3,11,9,18,25,38,90
0,0,0,1,1,1,2,2,9,2,10,23,54,102
0,0,0,1,1,2,3,3,3,7,9,30,41,93
0,1,0,0,0,3,3,2,5,7,9,20,58,96
0,0,1,0,1,0,0,3,3,6,10,23,56,95
0,0,0,0,1,0,1,1,7,6,15,19,45,93
0,0,0,1,1,2,2,5,3,4,13,24,44,86
0,1,0,0,1,2,2,4,5,9,20,19,41,96
0,0,0,1,0,0,0,4,7,7,12,22,51,81
0,0,0,1,2,3,1,3,8,5,10,20,48,97
0,0,0,2,2,2,3,6,5,4,9,21,46,90
0,0,0,0,1,2,3,1,3,8,12,22,52,89
0,1,0,3,0,3,2,4,6,9,13,22,51,74
0,0,0,0,0,3,0,3,4,4,12,18,59,69
0,0,1,1,0,0,3,1,1,4,15,24,57,96
0,0,1,1,3,3,3,5,5,8,17,24,36,108
0,0,2,1,1,0,6,6,2,8,11,18,49,92
0,0,0,1,0,2,2,1,4,6,14,25,52,78
0,0,0,1,4,1,1,2,6,10,14,18,46,81
0,0,0,0,2,1,1,5,4,12,9,22,35,83
0,0,0,0,2,2,1,6,4,7,13,21,50,78
0,0,0,0,1,2,4,6,2,9,8,27,50,80
0,0,0,0,1,7,4,2,5,10,13,22,38,92
0,0,0,0,0,2,4,2,3,6,10,17,56,91
0,0,0,0,0,3,2,1,5,7,14,21,47,88
0,0,1,2,1,2,2,0,7,13,12,21,53,75
0,0,0,0,0,2,4,3,4,14,16,17,57,90
0,0,0,2,0,1,5,0,6,6,6,21,64,83
0,0,0,2,0,3,6,3,5,7,17,23,47,91
0,0,0,0,3,1,3,3,5,6,9,21,44,93
0,0,0,0,0,1,1,5,2,8,9,18,53,95
0,0,1,0,0,0,4,4,1,4,10,20,36,90
0,0,0,1,0,1,4,7,5,10,7,22,45,90
0,0,1,1,5,1,2,2,4,6,11,16,45,99
0,0,0,1,1,2,5,5,1,14,13,26,47,83
0,0,0,0,1,3,1,2,9,9,13,19,54,90
1,0,1,0,2,0,1,3,2,8,8,22,42,97
0,0,0,1,1,3,2,5,3,9,18,23,60,87
0,0,1,0,2,2,3,3,10,8,17,17,44,73
0,0,0,1,1,4,1,2,5,6,13,21,52,97
0,0,0,1,0,3,3,2,2,3,16,24,56,95
0,0,0,0,1,1,2,4,9,4,17,18,47,93
0,0,0,1,1,0,3,4,7,5,12,27,46,84
0,0,0,0,1,0,3,2,7,3,23,28,55,85
0,0,1,1,1,1,1,7,8,7,15,26,45,82
0,0,0,0,2,3,3,2,8,6,8,23,61,94
0,0,2,2,1,3,0,2,7,8,17,22,51,70
0,0,0,0,1,1,1,1,4,7,12,16,53,83
0,0,0,2,0,0,2,6,6,8,18,30,56,99
0,0,0,0,0,1,2,6,8,8,14,25,45,96
0,0,0,2,0,3,2,3,5,4,11,17,51,108
0,0,0,1,0,2,3,3,4,4,15,13,58,94
0,0,0,0,0,4,5,4,5,5,19,24,44,91
0,0,0,0,3,2,4,2,2,7,14,22,46,86
0,0,1,1,2,0,2,4,1,12,7,21,54,75
0,0,0,2,1,4,4,4,8,5,13,26,56,91
0,0,1,0,0,1,1,0,4,7,7,24,58,83
0,0,1,0,1,3,1,2,2,4,17,24,47,90
0,0,1,0,2,1,4,2,6,4,12,32,45,92
0,0,0,0,1,2,2,2,4,6,11,17,42,81
0,0,1,0,0,0,1,9,1,3,13,16,51,81
0,0,0,0,2,2,2,3,5,6,13,19,37,102
0,0,1,1,1,2,5,6,2,6,8,18,36,99
0,0,0,0,0,1,0,3,4,11,15,23,53,94
0,0,0,0,1,1,4,3,7,8,17,30,53,93
0,0,1,0,1,0,3,4,6,4,16,22,52,92
0,0,1,0,1,2,0,6,4,6,9,28,50,84
0,0,0,1,0,3,3,3,3,2,11,28,45,107
0,0,0,0,1,1,3,5,2,8,20,24,49,109
0,0,0,3,0,1,2,1,1,4,15,13,52,68
0,0,1,1,0,3,4,3,3,5,15,18,44,93
0,0,1,1,1,3,1,0,5,10,21,29,53,97
0,0,0,0,1,1,2,6,10,9,13,23,49,100
0,0,0,0,1,2,3,5,3,7,12,16,43,113
0,0,0,2,1,1,3,1,2,8,9,20,57,98
0,0,0,1,1,2,3,1,8,10,13,18,56,102
0,0,0,1,1,1,1,3,5,4,14,21,52,108
0,0,0,0,1,2,4,1,1,7,10,38,43,83
0,0,0,2,1,1,4,5,7,12,15,17,39,75
0,0,0,1,2,0,1,1,6,2,24,21,52,86
0,0,1,0,2,1,0,1,3,4,12,25,42,86
0,0,1,0,2,1,4,6,6,3,17,21,50,76
0,0,0,1,3,2,2,2,4,2,18,25,48,94
0,0,0,2,0,2,4,5,4,13,15,25,52,99
0,0,0,0,1,1,4,6,7,8,11,25,59,98
0,0,0,1,0,3,2,1,5,10,15,15,56,97
0,0,1,1,2,1,1,3,10,11,11,24,45,97
0,0,0,1,1,3,2,3,3,5,13,19,52,93
0,0,0,0,0,2,2,5,4,5,9,20,54,98
0,0,0,0,0,0,2,3,5,7,11,19,44,78
0,0,2,0,2,2,4,4,8,6,15,16,52,83
0,0,0,0,0,0,4,5,6,10,10,17,61,100
0,0,0,1,1,2,4,5,8,10,12,18,46,87
0,0,0,2,1,3,1,5,5,4,11,15,44,101
0,0,1,0,1,1,5,3,6,6,13,19,45,99
0,0,1,1,0,3,2,1,4,2,11,26,47,92
0,0,0,0,2,2,1,2,3,7,13,20,49,89
0,0,1,0,1,0,4,4,5,11,9,15,47,100
0,0,0,2,0,3,4,1,6,7,10,14,51,75
0,0,0,0,1,1,3,4,3,6,12,32,59,76
0,0,0,0,1,2,4,5,3,6,8,23,54,93
0,0,0,1,0,1,0,6,8,8,14,25,55,73
0,0,0,0,0,1,3,4,3,6,14,22,55,97
0,0,0,0,1,2,0,1,5,5,12,17,54,90
0,0,0,0,2,0,2,5,8,10,21,30,39,93
0,0,0,0,0,1,3,1,4,6,12,20,55,90
0,0,0,2,1,1,0,3,6,3,11,22,47,82
0,0,0,0,0,3,4,7,10,4,11,19,51,100
0,0,0,0,0,2,0,6,8,9,14,24,52,90
0,0,0,1,1,1,0,3,6,9,13,26,48,94
0,0,0,0,0,4,3,3,5,2,15,27,48,80
0,0,0,0,0,0,2,4,3,5,13,20,46,92
0,0,0,1,0,1,2,4,4,11,12,22,41,82
0,0,0,0,2,1,2,3,3,11,11,22,54,87
0,0,0,0,0,2,2,2,3,6,15,23,40,85
0,0,0,0,2,1,2,0,7,7,8,20,50,104
0,0,0,1,2,4,4,6,6,4,7,19,44,84
0,0,1,0,1,1,1,4,4,6,11,20,48,81
0,0,1,2,0,5,2,2,4,1,23,19,55,84
0,0,0,0,0,2,4,2,1,9,8,31,58,89
0,0,0,1,0,3,2,2,11,9,6,28,50,92
0,0,0,1,4,1,4,3,1,3,16,26,42,88
0,0,0,0,1,4,3,5,5,7,13,22,56,98
0,0,0,2,1,4,1,4,6,6,16,15,51,81
0,0,0,0,0,3,2,4,8,7,9,25,46,84
0,0,0,0,2,2,1,3,9,7,12,15,45,82
0,0,0,2,0,2,4,1,10,4,27,24,57,95
0,0,1,0,1,1,1,5,3,11,8,21,50,84
0,0,1,0,2,0,2,3,8,4,16,26,64,82
0,0,0,0,1,1,2,5,6,9,12,18,51,81
0,0,0,0,1,1,3,4,9,9,15,22,40,107
0,0,1,0,1,1,2,3,4,4,17,18,48,75
0,1,0,0,1,0,2,4,3,9,15,27,54,92
0,0,0,0,2,2,3,1,2,6,16,27,51,98
0,0,0,0,0,1,5,3,5,2,12,31,50,97
0,0,0,2,1,2,4,2,4,10,17,25,54,82
0,0,0,1,1,4,1,3,4,4,13,26,49,74
0,0,0,0,0,3,1,4,6,7,12,17,50,106
0,0,0,0,1,1,0,4,9,8,21,18,47,88
0,1,0,2,1,1,2,4,4,3,15,18,48,90
0,0,0,1,0,2,3,4,3,5,16,23,56,91
0,0,0,0,1,0,0,1,6,1,8,17,41,93
0,0,0,1,1,5,1,3,6,7,17,18,45,69
0,0,0,0,0,4,2,6,5,10,18,23,49,68
0,0,0,3,1,3,6,4,4,3,12,27,51,107
0,0,2,1,0,2,4,3,8,7,10,22,50,86
0,0,0,0,1,3,3,2,7,6,10,18,48,76
0,0,0,0,1,1,2,2,7,9,18,24,58,89
0,0,0,0,1,1,2,3,4,7,13,25,57,90
0,0,0,0,1,3,4,3,2,1,10,17,58,66
0,1,2,0,3,2,3,6,4,8,17,15,63,90
0,0,0,0,0,3,1,3,7,11,15,24,44,80
0,0,0,0,1,1,7,6,1,12,13,18,45,77
0,0,0,0,0,1,1,5,5,11,13,36,37,99
0,0,0,0,1,2,1,3,5,8,15,24,52,98
0,0,0,0,1,1,5,3,10,3,17,19,58,91
0,0,0,0,2,0,1,6,8,10,16,27,44,97
0,0,0,0,3,2,1,5,7,11,8,18,50,101
0,0,0,0,1,2,0,4,8,8,15,23,50,89
0,0,0,1,1,4,3,4,9,3,13,21,53,104
0,0,0,1,1,1,1,4,3,5,15,18,36,87
0,0,0,2,0,0,3,2,1,7,12,23,54,85
0,0,1,1,0,1,5,6,7,8,18,24,52,91
0,0,0,0,2,1,4,2,8,8,8,28,55,95
0,0,0,0,1,0,4,5,6,7,17,22,68,103
0,0,0,0,1,2,2,0,5,8,14,24,52,86
0,0,0,0,2,0,2,8,5,8,17,23,63,100
0,0,0,1,2,2,3,5,1,13,10,20,47,101
0,0,0,0,2,2,0,5,7,7,13,30,56,88
0,0,0,0,2,1,0,5,3,8,10,22,50,86
0,0,0,0,2,4,4,3,5,8,19,23,48,70
0,0,0,0,1,1,6,5,9,10,12,23,57,96
0,0,0,0,2,3,0,6,3,6,21,19,53,71
0,0,0,0,0,0,1,4,8,2,13,21,42,89
0,0,0,0,0,0,1,5,0,4,19,19,37,78
0,1,1,1,1,2,2,2,4,4,18,23,48,90
0,1,0,0,1,4,3,3,6,6,14,20,46,80
0,0,0,2,1,0,3,3,3,5,8,20,53,81
0,0,0,0,1,2,4,5,7,8,11,23,58,81
0,0,0,0,2,2,4,7,5,8,12,27,49,95
0,0,0,0,0,1,2,4,11,3,11,28,40,81
0,0,0,0,2,0,2,6,7,4,14,19,45,97
0,0,0,0,1,0,1,4,1,8,9,21,41,107
0,1,0,0,1,1,5,6,3,5,10,16,45,81
0,0,0,0,0,1,2,3,8,7,14,21,39,100
0,0,0,1,0,3,4,5,4,4,12,15,45,72
0,0,2,0,1,1,2,5,7,11,19,23,54,85
0,0,0,0,0,2,3,4,7,6,12,25,49,82
0,0,0,0,0,1,3,4,2,7,7,20,57,92
0,0,1,0,1,3,5,1,4,6,13,29,61,94
0,0,1,1,1,1,4,3,10,9,18,22,39,95
0,0,0,1,0,1,4,5,3,6,11,40,57,76
0,0,0,0,0,1,1,2,8,4,16,17,40,82
0,0,0,0,1,1,2,2,1,7,19,21,47,87
0,0,1,0,0,1,1,7,4,7,12,25,58,83
0,0,0,1,3,1,0,1,8,13,11,18,49,83
0,0,0,0,1,2,4,6,6,5,11,34,50,111
0,0,1,1,0,1,5,1,3,6,15,17,53,85
0,0,0,0,0,3,3,3,3,6,20,26,52,90
0,0,0,1,0,1,3,3,3,5,6,26,41,106
0,0,0,0,3,1,1,2,3,7,14,14,58,71
0,0,0,0,1,3,2,5,6,7,10,21,49,89
0,0,0,1,3,1,2,3,3,6,10,24,47,105
0,0,0,0,1,1,4,3,2,6,17,30,50,94
0,0,0,0,1,4,1,3,1,7,16,28,48,84
0,0,2,2,1,3,2,2,5,9,20,32,40,84
0,0,0,1,1,2,1,5,5,13,12,22,47,82
0,0,0,1,2,1,2,1,3,5,14,21,38,98
0,0,0,0,0,2,3,7,8,5,10,17,44,70
0,0,0,1,1,0,1,2,4,5,16,16,44,95
0,0,0,0,2,3,4,1,4,7,5,18,48,89
0,0,1,0,1,1,1,3,7,6,19,29,53,90
0,0,0,0,2,2,2,5,5,10,13,23,44,64
0,0,1,2,1,1,2,1,6,6,14,22,51,87
0,0,0,0,0,2,5,2,11,5,12,29,55,73
0,1,0,1,1,2,1,5,5,8,17,24,63,84
0,0,0,1,2,2,4,9,6,6,10,27,40,79
0,0,0,0,2,2,3,4,3,10,13,26,40,91
0,0,0,1,0,2,1,3,5,8,17,19,41,95
0,1,0,0,3,2,2,4,9,9,15,18,51,81
0,0,0,0,0,3,2,2,5,6,5,27,52,77
0,0,0,0,0,1,1,2,7,6,8,22,41,91
0,0,0,1,4,1,4,4,6,5,10,27,45,93
0,0,0,0,0,0,4,4,7,10,18,26,39,86
0,0,0,0,1,1,2,2,1,9,11,20,46,76
0,0,1,0,1,6,2,1,2,8,5,19,53,74
0,0,0,1,1,1,0,4,4,7,9,27,35,75
0,0,0,1,1,2,3,1,6,9,8,22,52,83
0,0,0,1,1,1,4,4,6,12,11,17,54,89
0,0,1,1,3,2,0,5,5,2,8,20,50,85
0,0,0,0,0,2,1,3,7,8,16,27,47,76
0,0,0,1,1,2,3,7,9,5,7,35,42,105
0,0,1,0,1,2,1,6,4,4,10,29,46,109
0,0,0,0,0,1,2,4,6,12,11,21,44,81
0,0,0,0,1,2,2,3,6,5,16,26,54,89
0,0,0,1,1,4,2,5,5,7,14,29,45,88
0,0,0,1,0,1,3,2,3,8,11,28,57,80
0,0,1,1,1,2,2,2,9,7,16,24,52,78
0,0,0,1,0,1,2,3,5,6,12,19,52,91
0,0,1,1,1,0,4,3,6,6,14,21,49,84
0,0,0,0,3,2,1,2,5,5,16,17,41,89
0,0,0,0,2,1,5,2,5,9,10,16,56,95
0,0,0,1,0,2,1,3,4,10,14,29,47,95
0,0,0,0,0,3,3,4,1,12,15,18,46,82
0,0,0,0,0,1,2,3,3,9,7,20,44,74
0,0,0,1,2,1,1,4,5,10,18,24,42,83
0,0,0,0,1,5,2,1,2,7,15,10,34,94
0,0,0,0,1,0,5,2,7,7,4,19,53,89
0,0,1,0,1,0,3,3,5,12,12,17,48,78
0,0,0,0,2,1,0,3,1,8,15,22,45,89
0,0,1,0,1,3,1,2,7,4,9,22,58,97
0,0,0,0,0,1,3,5,3,5,9,27,56,86
0,0,1,1,0,1,3,2,4,8,13,12,42,82
0,0,0,0,0,0,2,2,6,7,16,29,53,84
0,0,0,0,0,3,5,9,4,10,12,12,47,80
0,0,0,4,0,0,5,3,4,4,14,19,44,91
0,0,1,1,0,1,3,0,4,11,13,22,59,91
0,0,0,1,1,5,2,3,2,10,11,28,55,91
0,0,0,0,0,3,1,4,8,7,14,15,57,92
0,0,0,0,0,2,2,3,6,8,11,18,57,71
0,0,0,1,0,4,1,3,5,8,19,16,39,84
0,0,0,1,0,2,2,5,5,3,11,24,45,105
0,0,0,0,2,2,1,1,6,4,10,21,49,99
0,0,0,0,0,3,2,5,3,6,9,21,47,79
0,0,0,0,1,1,4,3,4,4,8,25,49,73
0,0,0,0,0,0,3,3,4,5,8,29,47,86
0,0,1,0,2,3,0,4,6,10,9,17,50,101
0,0,0,0,2,1,2,2,6,5,15,16,44,96
0,0,0,0,0,1,0,10,5,4,11,25,51,94
0,0,0,2,0,1,4,2,5,7,10,31,38,87
0,0,0,0,0,0,1,3,3,6,15,22,53,103
0,0,0,1,0,1,1,4,7,9,9,16,59,85
0,0,0,0,1,1,4,6,4,3,18,18,44,97
0,0,0,1,1,1,3,6,6,9,14,22,54,100
0,1,0,1,1,3,5,4,6,3,9,22,54,96
0,0,0,1,2,1,3,2,5,3,18,22,62,101
0,0,0,1,2,4,1,3,8,4,10,20,49,84
0,0,1,0,1,3,3,3,9,6,11,24,57,90
0,0,0,0,0,2,4,3,3,9,12,17,51,105
0,0,0,0,2,1,0,3,5,8,11,25,49,73
0,0,0,0,2,0,1,7,2,9,12,19,48,87
0,0,0,0,3,0,0,3,8,6,17,15,45,91
0,0,0,0,0,4,3,3,5,5,12,16,51,90
0,0,0,0,0,3,1,1,7,3,16,19,58,98
0,0,0,0,1,1,4,2,6,10,9,20,56,82
0,0,1,0,1,2,1,5,6,6,14,20,50,86
0,0,0,3,1,1,1,2,2,7,20,18,34,80
0,0,0,1,2,6,2,5,4,3,13,27,56,97
0,0,0,0,0,1,2,4,4,9,10,24,41,83
0,0,0,0,1,0,2,4,6,8,17,15,49,87
0,0,0,0,0,2,1,4,5,5,15,22,46,82
0,0,0,2,1,3,2,3,5,13,17,29,61,83
0,0,0,0,2,3,5,5,4,9,18,16,44,88
0,0,0,1,0,1,1,2,4,7,11,17,43,79
0,0,0,0,0,1,1,2,4,12,9,18,56,83
0,0,0,0,1,0,3,2,6,5,13,21,59,80
0,0,0,1,1,2,1,2,4,6,8,18,47,86
0,0,0,0,3,0,2,0,5,2,17,22,44,95
0,1,0,1,0,0,2,5,1,7,9,18,47,78
0,0,0,1,3,2,2,0,4,6,13,19,43,96
0,1,0,0,1,2,0,3,5,4,17,26,44,109
0,0,1,0,0,1,4,2,7,8,14,21,35,94
0,0,0,1,1,0,0,2,5,6,16,25,57,79
0,0,1,1,0,0,1,2,8,6,14,17,48,108
0,0,0,0,1,2,2,6,5,7,10,21,57,108
0,0,0,1,1,3,7,5,4,8,14,25,51,79
0,0,0,0,0,1,2,6,5,3,20,22,45,91
0,0,0,0,1,2,2,2,2,8,18,17,54,89
0,0,0,0,2,2,1,4,4,6,9,27,44,89
0,0,0,0,1,1,1,0,5,7,10,19,57,85
0,0,1,0,1,0,1,4,5,7,13,12,48,91
0,0,0,0,0,1,1,3,9,12,23,21,51,88
0,0,0,0,2,2,3,5,6,9,18,16,49,102
0,0,0,1,0,1,2,4,2,6,19,28,57,105
0,0,0,0,1,4,1,5,2,7,11,24,53,88
0,0,0,1,1,1,3,6,3,7,9,15,58,97
0,0,0,1,1,2,4,2,2,4,9,25,48,86
0,0,0,0,0,2,1,2,3,11,18,22,39,80
0,0,0,0,2,1,2,4,4,9,12,21,50,81
0,0,0,0,3,1,4,3,4,6,11,27,47,87
0,0,0,1,1,3,2,7,2,6,14,20,46,93
0,0,0,0,0,2,1,5,6,8,13,18,47,109
0,2,0,0,2,3,3,3,2,7,12,22,44,101
0,0,2,0,0,1,1,4,4,7,11,21,49,83
0,0,0,1,0,0,4,5,3,8,12,33,49,82
0,0,0,0,0,1,1,4,5,9,17,26,51,99
0,0,1,0,1,1,3,2,4,7,8,24,43,101
0,0,0,1,1,3,3,6,9,8,16,24,38,79
0,0,0,0,1,3,2,3,3,7,8,17,56,80
0,0,0,0,0,0,3,0,5,2,12,29,49,74
0,0,0,0,0,3,1,3,9,2,14,19,45,98
0,0,0,0,0,1,2,4,3,2,13,21,51,88
0,0,0,2,2,1,4,3,6,6,13,19,47,73
0,0,0,0,1,1,5,4,6,4,16,24,34,89
0,0,0,2,0,0,2,3,7,8,11,27,50,71
0,0,0,2,0,2,1,4,3,12,11,23,47,95
0,0,0,0,2,0,4,6,5,7,7,23,52,85
0,0,0,2,1,0,1,3,7,1,10,27,46,96
0,0,0,0,2,1,1,5,5,8,14,26,43,79
0,0,0,0,2,3,2,2,5,4,6,14,52,91
0,0,0,0,0,0,1,7,1,7,11,19,44,80
0,0,0,1,0,2,1,4,3,11,11,27,46,82
0,0,0,0,0,1,0,1,2,1,9,17,51,88
0,0,0,1,2,1,1,5,6,4,11,35,54,86
0,0,0,0,0,2,1,2,4,10,14,23,42,97
0,0,0,2,2,0,4,3,6,6,12,25,45,96
0,0,0,1,1,0,3,5,11,6,14,16,40,92
0,0,0,1,2,0,1,1,7,7,8,24,58,86
0,1,0,0,0,0,1,5,5,8,11,23,50,83
0,0,0,3,1,2,1,3,7,11,12,16,56,97
0,0,0,1,0,3,2,6,7,5,5,20,48,98
0,0,0,0,0,4,4,3,2,14,14,24,41,76
0,0,1,0,0,0,2,3,7,10,17,18,44,96
0,0,0,0,3,0,4,3,8,7,18,25,49,93
0,0,0,1,0,1,3,8,6,3,9,25,60,94
0,0,0,0,1,2,2,4,1,9,12,16,57,84
0,0,0,0,1,1,3,8,5,6,8,23,51,96
0,0,0,0,0,2,1,2,4,12,17,18,47,92
0,0,0,0,0,1,4,2,2,7,22,21,46,78
0,0,0,0,2,3,5,4,5,7,11,16,41,93
0,0,1,0,2,3,4,7,2,10,16,22,54,103
0,0,1,0,1,1,1,5,4,5,12,17,44,80
0,0,0,1,1,2,3,3,6,5,11,22,57,86
0,0,0,1,0,1,1,1,7,9,13,24,43,85
0,0,1,1,1,1,0,3,10,7,9,23,47,92
0,0,1,1,1,1,1,1,2,5,17,20,44,104
0,0,1,1,2,2,1,3,3,3,10,18,56,77
0,0,2,0,2,2,4,3,5,10,14,29,58,93
0,0,0,0,0,4,2,3,3,5,13,23,35,91
0,0,0,0,1,2,4,3,6,8,10,18,51,92
0,0,0,1,2,2,4,5,5,5,14,25,36,93
0,0,0,0,1,0,5,5,8,12,10,15,48,74
0,0,0,0,1,3,1,3,3,11,3,19,48,98
0,0,0,0,0,3,0,4,4,7,12,27,51,106
0,0,0,0,0,1,1,1,6,6,15,19,56,80
0,0,0,1,0,1,4,3,5,8,10,19,65,92
0,0,0,0,1,2,2,1,3,11,17,20,53,97
0,0,0,1,0,1,3,6,8,7,11,20,37,105
0,0,0,1,2,2,1,5,5,7,9,18,48,87
0,0,0,0,1,2,1,4,5,4,6,24,48,95
0,0,0,1,2,1,0,2,4,7,10,24,43,98
0,0,0,0,0,0,3,2,6,8,12,17,34,92
0,0,0,0,0,3,5,3,7,12,11,33,52,84
0,0,0,0,1,1,3,3,3,4,8,26,41,107
0,0,0,0,3,1,3,3,4,2,17,22,45,92
0,0,1,0,2,1,2,11,4,10,12,31,52,89
0,0,0,0,1,2,2,4,2,6,15,27,42,83
0,0,1,0,0,1,4,5,5,4,8,16,49,77
0,0,1,0,1,2,1,0,4,5,20,24,48,86
0,0,0,1,0,1,3,0,11,5,16,20,56,89
0,0,0,1,1,0,3,4,6,8,13,21,58,85
0,0,0,1,1,3,2,2,4,4,15,31,52,83
0,0,2,0,0,2,2,4,5,11,3,15,57,100
0,0,0,0,1,0,0,3,7,10,17,19,52,106
0,0,0,0,1,1,1,2,7,12,11,26,48,80
0,0,0,2,0,1,4,6,4,6,18,26,47,87
0,0,0,0,2,1,0,4,0,2,12,30,42,76
0,0,0,0,1,2,0,3,3,6,15,18,51,86
0,0,0,1,0,3,4,4,3,11,11,21,43,90
0,0,0,0,1,6,4,4,3,8,6,25,57,85
0,0,0,1,1,2,1,1,7,6,12,25,56,87
0,0,0,0,2,0,3,4,6,4,11,30,52,94
0,0,0,0,1,0,2,2,10,5,13,20,46,79
0,0,0,0,0,0,1,4,3,6,13,20,43,83
0,0,1,0,0,0,1,4,5,7,9,22,53,104
0,0,0,0,0,2,2,3,5,8,12,31,49,98
0,0,0,0,1,3,1,2,1,6,13,27,37,107
0,0,0,0,0,2,2,3,5,8,12,26,33,85
0,0,0,0,0,1,0,1,6,9,14,22,55,82
0,0,0,0,0,1,5,8,4,7,12,19,36,81
0,0,0,0,1,1,2,5,3,4,17,25,45,96
0,0,0,0,0,1,2,2,4,6,11,28,60,76
0,0,0,0,2,1,1,2,2,5,19,31,41,84
0,0,0,0,0,2,3,2,9,11,19,18,53,93
0,0,0,1,4,2,2,8,9,8,11,17,47,89
0,0,0,0,1,1,5,1,4,5,14,17,49,85
0,0,0,0,0,0,0,6,2,10,15,28,55,88
0,0,0,0,0,3,2,5,3,10,17,22,60,97
0,0,0,0,3,1,0,6,5,6,11,18,40,103
0,0,0,2,0,1,3,2,5,10,18,28,47,78
0,0,0,0,1,0,2,3,2,6,5,21,49,96
0,0,0,1,0,1,5,7,8,4,13,17,52,92
0,0,0,1,1,1,3,1,2,8,6,31,39,77
0,0,0,0,1,0,2,2,6,3,11,24,54,87
0,0,0,0,0,2,3,1,4,3,13,19,50,83
0,0,0,0,3,2,2,3,3,5,17,21,42,96
0,0,0,2,0,1,1,6,3,6,15,17,54,74
0,0,0,1,0,2,0,4,4,7,11,20,49,80
0,0,0,0,1,1,1,1,4,11,11,20,52,86
0,0,0,0,1,3,4,8,4,6,13,21,55,88
0,1,0,1,1,1,1,2,3,10,12,14,49,102
0,0,0,1,0,0,3,5,5,6,12,26,44,90
0,0,1,0,2,4,3,3,6,7,12,23,40,89
0,0,0,0,2,1,3,1,5,5,11,20,38,86
0,0,0,0,1,0,3,3,4,11,9,20,48,71
0,0,0,0,2,3,0,2,7,1,14,32,54,99
0,0,0,2,2,0,3,3,6,5,10,32,58,78
0,0,0,0,0,2,3,3,7,7,17,25,54,89
0,0,0,1,1,0,2,1,9,6,14,30,49,95
0,0,0,0,0,2,3,6,6,2,16,21,47,92
0,0,0,0,1,1,1,4,7,4,11,19,45,82
0,0,0,1,0,3,3,4,4,10,11,19,55,93
0,0,1,0,0,1,4,2,9,9,14,14,48,73
0,0,0,0,2,9,2,4,4,10,12,31,47,100
0,0,0,1,0,0,2,5,4,7,15,20,60,83
0,0,1,1,2,2,6,2,5,4,15,24,46,70
0,0,0,1,0,2,2,2,4,5,11,24,48,97
0,0,1,0,3,5,2,3,9,3,9,20,54,99
0,0,0,0,4,1,3,6,3,13,18,29,48,101
0,0,0,1,0,1,2,2,6,9,9,19,66,78
0,0,0,0,1,3,0,4,6,13,14,20,43,107
0,0,0,1,0,0,1,4,8,10,13,29,63,64
0,0,0,0,2,3,4,1,2,7,17,24,45,106
0,0,0,0,0,0,2,5,9,6,7,20,44,105
0,0,0,1,2,2,2,2,3,6,10,19,54,101
0,0,0,0,3,1,2,3,8,12,13,13,54,84
0,0,0,0,0,1,6,2,2,7,17,15,50,105
0,0,0,0,0,1,2,2,8,4,10,28,54,92
0,0,0,0,0,1,5,2,5,5,15,13,51,83
0,0,0,1,1,0,3,1,4,7,11,30,48,101
0,1,0,0,0,1,3,5,5,13,18,20,61,84
0,0,1,0,1,4,5,4,6,8,20,25,50,90
0,0,0,0,0,1,1,1,4,8,13,26,46,98
0,0,0,0,3,1,2,1,6,4,12,20,49,97
0,0,0,0,1,4,3,3,8,8,10,22,51,91
0,0,2,1,2,1,3,3,4,4,19,22,59,94
0,0,0,1,0,2,4,3,6,6,13,19,41,96
0,0,0,0,1,2,2,1,4,6,10,20,50,71
0,0,0,0,2,3,1,4,5,8,11,19,53,98
0,0,0,2,2,4,4,4,3,7,16,19,40,77
0,0,0,0,1,3,2,2,6,10,14,15,42,96
0,1,0,0,1,1,3,5,5,11,8,20,62,107
0,0,0,0,1,3,2,4,7,4,10,26,66,75
0,0,1,0,1,0,2,5,8,5,19,22,60,88
0,0,0,0,3,3,1,5,2,8,15,25,59,91
0,0,0,0,0,1,2,4,5,4,13,11,50,95
0,0,1,0,0,1,4,4,4,8,10,15,51,88
0,0,0,0,1,0,5,3,5,7,15,35,47,93
0,0,0,0,1,4,3,1,2,10,12,22,47,84
0,0,0,0,1,2,0,3,5,7,11,23,42,85
0,0,0,0,2,2,4,2,4,8,11,19,45,78
0,0,0,1,1,6,3,2,5,6,13,18,57,87
0,0,0,0,2,1,0,4,7,5,5,19,53,77
0,0,1,0,1,2,2,2,7,6,16,20,50,91
0,0,1,0,1,1,1,3,6,5,14,23,52,79
0,0,3,0,0,0,1,5,4,7,12,21,55,77
0,0,0,0,1,1,1,4,5,4,23,24,68,87
0,0,0,2,2,1,5,6,4,11,18,26,52,89
0,0,0,0,1,3,3,6,4,3,11,17,53,91
0,0,0,0,1,1,0,5,10,4,9,23,41,92
0,0,1,0,4,1,1,2,5,11,14,25,47,91
0,0,1,1,0,1,1,2,2,7,12,21,60,94
0,0,0,0,1,1,5,3,1,10,14,19,48,78
0,0,3,0,0,1,3,4,6,8,10,24,47,88
0,0,0,1,1,1,1,5,7,7,20,23,54,92
0,0,0,1,0,1,0,3,10,2,16,20,49,96
0,0,0,0,1,2,5,5,6,8,16,17,54,97
0,0,1,1,0,0,2,3,8,3,17,16,47,95
0,0,0,0,0,3,1,6,8,5,12,17,53,89
0,0,0,0,2,2,3,5,7,4,9,22,47,75
0,0,0,1,1,0,5,3,8,12,18,13,47,79
0,0,0,0,1,3,2,3,6,4,14,28,44,99
0,0,0,0,2,1,7,1,3,5,8,21,41,85
0,0,0,1,2,4,0,3,11,2,19,19,53,64
0,0,0,0,2,2,1,6,5,6,24,12,54,83
0,0,0,1,2,2,2,7,5,7,10,18,47,93
0,0,0,0,1,1,0,2,7,3,17,16,48,83
0,0,1,0,1,2,3,2,6,10,13,19,42,74
0,0,0,0,1,2,2,3,2,6,17,19,46,79
0,0,0,0,1,5,2,5,6,10,16,19,45,103
0,0,0,2,0,1,4,2,4,7,15,19,46,96
0,0,0,0,2,0,3,0,5,10,11,26,40,81
0,1,0,0,1,0,3,2,4,9,13,26,58,96
0,0,0,1,0,4,1,5,6,4,13,17,49,90
0,0,1,0,0,0,5,3,7,6,13,23,36,91
0,0,1,0,2,2,0,4,8,8,12,22,40,98
0,0,0,0,1,2,1,1,3,6,11,22,53,79
0,1,0,1,2,0,0,3,3,3,17,22,47,89
0,0,0,0,0,3,2,2,6,5,10,16,48,87
0,0,0,0,4,0,4,4,1,6,18,14,46,97
0,0,0,0,0,2,0,8,14,8,10,17,47,89
0,0,0,0,0,0,3,10,6,9,12,27,63,92
0,0,0,0,2,2,1,6,3,4,9,26,54,95
0,1,0,1,1,2,3,3,6,10,9,22,49,104
0,0,0,0,1,1,3,9,6,4,18,19,44,86
0,0,0,0,1,0,3,0,3,8,12,21,59,86
0,0,0,0,1,0,4,1,3,8,15,18,43,96
0,0,0,0,1,0,1,2,8,5,15,21,46,88
0,0,0,1,0,3,2,1,3,1,16,16,43,95
0,0,0,1,1,2,1,1,5,7,13,17,59,80
0,0,1,0,2,1,2,5,8,4,11,25,40,84
0,0,2,0,0,3,2,2,6,8,12,21,47,86
0,0,0,0,1,3,4,2,2,9,10,26,50,99
0,0,0,1,1,0,3,4,1,4,10,22,50,84
0,0,0,1,0,3,4,4,3,4,18,17,49,89
0,0,0,0,2,4,3,6,7,7,17,14,47,95
0,0,0,2,0,0,4,1,9,9,15,24,47,91
0,0,0,0,2,1,2,2,6,11,11,27,56,104
0,0,1,0,1,0,1,1,3,7,17,24,50,88
0,0,0,0,0,2,1,3,5,7,11,18,42,86
0,0,0,0,0,3,3,5,4,6,13,23,34,85
0,0,0,0,0,2,2,4,8,11,10,13,45,73
0,1,0,0,1,3,0,7,6,5,15,21,54,78
0,0,0,0,2,3,7,4,5,6,10,14,60,98
0,0,0,0,0,1,2,5,2,2,13,22,35,79
0,0,0,0,1,1,4,7,5,5,14,29,57,106
0,0,0,0,3,2,2,7,3,14,22,32,53,92
0,0,1,0,0,3,3,4,3,7,16,23,56,95
0,0,0,1,0,2,2,5,7,7,12,20,43,75
0,0,0,0,2,2,3,0,6,8,10,15,43,91
0,0,0,1,4,5,4,2,8,2,10,27,49,74
0,0,0,0,1,1,2,3,3,9,13,24,57,81
0,0,0,0,0,0,5,5,9,3,14,19,55,98
0,0,0,1,0,0,1,2,8,6,11,26,38,106
0,0,1,0,2,0,3,4,6,2,14,26,36,91
0,0,0,0,1,1,1,5,6,4,11,21,42,91
0,0,1,0,1,3,3,3,7,8,14,27,43,84
0,0,1,1,1,2,7,3,2,5,9,20,43,80
0,0,0,0,0,1,3,5,5,10,14,22,43,82
0,0,0,0,1,4,4,2,5,8,11,18,45,89
0,0,0,0,0,0,2,2,2,4,18,23,39,97
0,0,0,0,2,2,1,1,4,7,11,23,47,85
0,0,0,0,1,2,5,2,5,6,10,25,46,91
0,0,0,0,2,1,3,2,3,6,18,23,43,87
0,0,0,0,1,6,0,3,4,12,18,18,45,71
0,0,0,1,1,2,4,5,6,8,13,20,47,93
0,0,0,3,0,4,4,4,5,12,11,25,42,72
0,0,0,1,1,1,3,2,1,7,11,16,56,72
0,0,0,1,3,1,1,2,8,5,13,22,51,90
0,0,0,1,0,0,3,4,5,9,10,26,53,86
0,0,0,2,0,1,1,7,5,6,12,20,36,108
0,0,0,0,0,1,2,6,3,6,12,23,58,93
0,0,0,0,0,1,3,5,4,6,13,19,44,87
0,0,0,0,0,3,3,4,3,5,9,18,56,101
0,0,0,0,0,1,0,5,4,4,14,22,47,82
0,0,0,1,0,1,2,3,4,8,8,22,44,98
0,0,0,1,2,0,3,2,8,11,23,17,47,94
1,0,0,1,0,1,5,1,5,5,9,32,52,81
0,0,0,1,0,1,5,2,8,7,17,22,52,83
0,0,0,1,2,1,2,3,9,7,12,13,41,85
0,0,0,0,0,4,1,5,4,4,16,27,51,88
0,0,0,1,3,1,2,4,9,7,14,23,40,88
0,0,0,0,2,1,1,2,3,5,27,32,46,96
0,0,0,0,0,3,3,5,7,6,5,16,47,93
0,0,0,2,0,4,3,7,4,8,12,17,52,111
0,0,0,1,1,1,4,1,3,6,16,23,47,83
0,0,0,1,0,2,2,4,7,7,11,28,49,72
0,0,1,0,0,1,2,1,9,7,19,22,55,78
0,0,0,0,2,5,1,4,7,5,13,26,53,84
0,0,0,0,0,0,2,8,3,8,15,17,36,94
0,0,0,0,1,1,1,3,5,2,20,30,50,78
0,0,0,0,2,4,1,3,7,5,20,21,57,97
0,0,0,0,0,1,1,7,7,4,9,20,55,77
0,0,1,1,2,0,2,1,4,7,11,34,53,97
0,0,0,1,0,6,1,7,4,8,12,18,59,82
0,0,0,0,0,1,2,3,4,7,14,21,35,100
0,1,0,0,1,0,1,3,3,6,11,20,53,75
0,0,0,1,0,1,0,8,2,5,8,27,54,81
0,0,0,0,0,2,3,1,1,5,10,27,41,83
0,0,0,0,0,0,3,6,6,7,16,18,54,90
0,0,1,0,2,1,2,5,9,11,17,20,43,83
0,0,0,1,1,2,7,2,5,4,15,23,51,88
0,1,0,0,0,1,1,2,2,10,15,18,52,77
0,0,0,0,0,2,4,9,7,6,6,17,47,83
